{
    "minecraft": {
        "": {}
    },
    "mcp": {
        "": {}
    },
    "FML": {
        "": {}
    },
    "forge": {
        "": {}
    },
    "creativecoredummy": {
        "": {}
    },
    "obfuscate": {
        "": {}
    },
    "randompatches": {
        "": {}
    },
    "techguns_core": {
        "": {}
    },
    "securitycraft": {
        "": {}
    },
    "movillages": {
        "": {}
    },
    "architecturecraft": {
        "": {}
    },
    "mclib": {
        "": {}
    },
    "metamorph": {
        "": {}
    },
    "blockbuster": {
        "": {}
    },
    "soggytransportation": {
        "": {}
    },
    "bookworm": {
        "": {}
    },
    "ctm": {
        "": {}
    },
    "chisel": {
        "": {}
    },
    "chiselsandbits": {
        "": {}
    },
    "cmdcam": {
        "": {}
    },
    "creativecore": {
        "": {}
    },
    "ptrmodellib": {
        "": {}
    },
    "props": {
        "": {}
    },
    "cdm": {
        "": {}
    },
    "flansmod": {
        "": {}
    },
    "fluids": {
        "": {}
    },
    "cfm": {
        "": {}
    },
    "grapplemod": {
        "": {}
    },
    "lasers-addon": {
        "": {}
    },
    "mts": {
        "": {}
    },
    "ic2": {
        "": {}
    },
    "ironchest": {
        "": {}
    },
    "locks": {
        "": {}
    },
    "machinemod": {
        "": {}
    },
    "malisiscore": {
        "": {}
    },
    "malisisdoors": {
        "": {}
    },
    "mappet": {
        "": {}
    },
    "mcpaint": {
        "": {}
    },
    "mutantbeasts": {
        "": {}
    },
    "phonesalpha": {
        "": {}
    },
    "prefab": {
        "": {}
    },
    "randomportals": {
        "": {}
    },
    "simplyconveyors": {
        "": {}
    },
    "flammpfeil.slashblade": {
        "": {}
    },
    "spectrite": {
        "": {}
    },
    "srparasites": {
        "": {}
    },
    "techguns": {
        "": {}
    },
    "tlauncher_custom_cape_skin": {
        "": {}
    },
    "trapcraft": {
        "": {}
    },
    "twilightforest": {
        "": {}
    },
    "variedcommodities": {
        "": {}
    },
    "vehicle": {
        "": {}
    },
    "worldedit": {
        "": {}
    },
    "llibrary": {
        "": {}
    },
    "": {
        "": {}
    }
}